effect_size_posterior_median_95CI,Odds Ratio Posterior Median (95% CI) ,Probability Posterior Median (95% CI) 
"1.09761 [0.504229,  1.6683]","2.99699 [1.65571,  5.30314]","0.0365629 [0.0230418,  0.054624]"
"0.717163 [0.303226,  1.12099]","2.04861 [1.35422,  3.06788]","0.068942 [0.0496707,  0.0923661]"
"0.657125 [0.0100891,  1.26506]","1.92924 [1.01014,  3.54332]","0.0261845 [0.0152206,  0.0415919]"
"0.629773 [0.0073214,  1.22236]","1.87718 [1.00735,  3.39518]","0.0268322 [0.0158482,  0.0421748]"
"0.618035 [0.0686537,  1.14049]","1.85528 [1.07107,  3.12832]","0.0350544 [0.0220889,  0.0522528]"
"0.574909 [0.202479,  0.936713]","1.77697 [1.22443,  2.55158]","0.0822178 [0.0612746,  0.107389]"
"0.464809 [-0.164893,  1.14451]","1.59171 [0.847985,  3.14089]","0.019868 [0.0108545,  0.0351412]"
"0.421126 [0.0461942,  0.801302]","1.52368 [1.04728,  2.22844]","0.117937 [0.0857279,  0.159779]"
"0.405446 [-0.0696489,  0.911606]","1.49997 [0.932721,  2.48832]","0.0515051 [0.0329962,  0.0793892]"
"0.357358 [0.0396084,  0.665732]","1.42955 [1.0404,  1.94591]","0.111429 [0.0870594,  0.139893]"
"0.350767 [-0.0835098,  0.805569]","1.42016 [0.919882,  2.23797]","0.0668758 [0.0451947,  0.0978839]"
"0.327017 [-0.230578,  1.05305]","1.38683 [0.794075,  2.86639]","0.0265588 [0.0149744,  0.0511593]"
"0.317553 [-0.24398,  0.849137]","1.37376 [0.783503,  2.33763]","0.0307696 [0.0189454,  0.0470236]"
"0.309953 [-0.0509427,  0.65824]","1.36336 [0.950333,  1.93139]","0.135444 [0.100275,  0.177841]"
"0.300281 [-0.35622,  1.03701]","1.35024 [0.700318,  2.82076]","0.0185786 [0.00965485,  0.0356596]"
"0.296888 [-0.0872865,  0.686212]","1.34567 [0.916414,  1.98618]","0.0841866 [0.0604671,  0.115325]"
"0.293731 [-0.165408,  0.815063]","1.34142 [0.847548,  2.25932]","0.0518386 [0.0340827,  0.0803009]"
"0.286711 [-0.151822,  0.784372]","1.33204 [0.859141,  2.19103]","0.0546026 [0.0364599,  0.0831018]"
"0.272353 [-0.0833714,  0.654592]","1.31305 [0.920009,  1.92436]","0.103432 [0.0757754,  0.140732]"
"0.271464 [-0.326362,  1.23096]","1.31188 [0.721544,  3.42453]","0.0541973 [0.0295519,  0.125735]"
"0.269375 [-0.186255,  0.745955]","1.30915 [0.830062, 2.10845]","0.0505325 [0.0337538,  0.0752226]"
"0.234836 [-0.385894,  1.17704]","1.2647 [0.679843,  3.24477]","0.0493232 [0.0261162,   0.114504]"
"0.232016 [-0.478276,  0.999872]","1.26114 [0.619851,  2.71793]","0.0158378 [0.00746266,  0.0324816]"
"0.216419 [-0.294009,  0.789341]","1.24162 [0.74527,  2.20194]","0.0432004 [0.0260662,  0.0717989]"
"0.21221 [-0.236843,  0.663641]","1.23641 [0.789115,  1.94185]","0.0508745 [0.033916,  0.0744189]"
"0.211386 [-0.399941,  1.07377]","1.23539 [0.67036,  2.92638]","0.062883 [0.0346627,  0.135602]"
"0.209935 [-0.401757,  0.899658]","1.2336 [0.669143,  2.45876]","0.0154918 [0.00825974,  0.0289743]"
"0.205077 [-0.116761,  0.517426]","1.22762 [0.889798,  1.6777]","0.103622 [0.0800456,  0.131348]"
"0.19834 [-0.254023,  0.68412]","1.21938 [0.775674,  1.98203]","0.0423011 [0.027432,  0.0648079]"
"0.197982 [-0.101729,  0.488554]","1.21894 [0.903275,    1.62996]","0.123034 [0.0972658,  0.152512]"
"0.195626 [-0.166365,  0.541603]","1.21607 [0.846737,  1.71876]","0.0964013 [0.0707851,  0.127634]"
"0.190587 [-0.288631,  0.642852]","1.20996 [0.749289,  1.9019]","0.0418707 [0.0269129,  0.0616963]"
"0.185958 [-0.444778,  0.90579]","1.20437 [0.640967,  2.47388]","0.0174487 [0.00907478,  0.034231]"
"0.182556 [-0.227639,  0.625455]","1.20028 [0.796412,  1.8691]","0.0571461 [0.0390513,  0.0835134]"
"0.181668 [-0.409878,  0.845712]","1.19922 [0.663731,  2.32963]","0.0166312 [0.00902899,  0.0299832]"
"0.18035 [-0.474007,  1.07307]","1.19764 [0.622503,  2.92433]","0.0493931 [0.0257236,  0.110171]"
"0.172897 [-0.256101,  0.584275]","1.18874 [0.774063,  1.79369]","0.0566313 [0.0382982,  0.0803355]"
"0.167767 [-0.159441,  0.489678]","1.18266 [0.852621,  1.63179]","0.119947 [0.09115,  0.154255]"
"0.161113 [-0.177121,  0.506032]","1.17482 [0.837678,  1.6587]","0.119073 [0.0891187,  0.157247]"
"0.157118 [-0.275675,  0.606371]","1.17013 [0.75906,  1.83376]","0.0932865 [0.0624799,  0.136886]"
"0.15489 [-0.50162,  1.23536]","1.16753 [0.605549,  3.4396]","0.0484734 [0.0251203,  0.126211]"
"0.152207 [-0.25477,  0.57781]","1.1644 [0.775095,  1.78213]","0.118351 [0.0823711,  0.168101]"
"0.149929 [-0.205108,  0.494935]","1.16175 [0.81456,  1.64039]","0.0986667 [0.0731206,  0.130635]"
"0.14891 [-0.342336,  0.649457]","1.16057 [0.710109,  1.9145]","0.0552986 [0.0347384,  0.0870926]"
"0.142293 [-1.83114,  2.69796]","1.15291 [0.160231,  14.8494]","0.0260804 [0.00364974,  0.25312]"
"0.126937 [-0.359862,  0.695844]","1.13535 [0.697773,  2.0054]","0.0444728 [0.0276314,  0.0745308]"
"0.126646 [-0.572588,  0.85849]","1.13501 [0.564064,  2.3596]","0.0157601 [0.00754082,  0.030743]"
"0.117441 [-0.474822,  0.749419]","1.12462 [0.621996,  2.11577]","0.0254161 [0.0140059,  0.0459148]"
"0.114564 [-0.724597,  1.38099]","1.12138 [0.48452,  3.97883]","0.0141735 [0.00572632,  0.0469064]"
"0.108133 [-0.566703,  0.742447]","1.1142 [0.567393,  2.10107]","0.0153615 [0.00791349,  0.0270991]"
"0.100712 [-0.623889,  1.09059]","1.10596 [0.535856,  2.97603]","0.0433265 [0.0209803,  0.10577]"
"0.0972847 [-0.313061,  0.471963]","1.10217 [0.731205,  1.60314]","0.0940055 [0.0654958,  0.128583]"
"0.0906563 [-0.761613,  1.25045]","1.09489 [0.466912,  3.49193]","0.0152464 [0.00627607,  0.0450881]"
"0.0759647 [-0.364954,  0.50487]","1.07892 [0.694229,  1.65677]","0.092377 [0.0618485,  0.134017]"
"0.0715463 [-0.873206,  1.03885]","1.07417 [0.41761,  2.82597]","0.0152119 [0.00576943,  0.0392894]"
"0.0692773 [-0.782876,  1.13434]","1.07173 [0.45709,  3.10911]","0.0149089 [0.00607392,  0.0414446]"
"0.0422064 [-0.616468,  0.770363]","1.04311 [0.539848,  2.16055]","0.107289 [0.0582939,  0.198017]"
"0.0387754 [-0.412528,  0.469103]","1.03954 [0.661975,  1.59856]","0.0663688 [0.0438546,  0.0966966]"
"0.033937 [-1.79763,  1.85326]","1.03452 [0.165691,  6.38056]","0.0828969 [0.0142501,  0.360997]"
"0.0323322 [-0.662669,  0.700282]","1.03286 [0.515474,  2.01432]","0.0149169 [0.00752266,  0.0278137]"
"0.0306812 [-0.49412,  0.549314]","1.03116 [0.610108,  1.73206]","0.0290132 [0.0177224,  0.0460217]"
"0.0283304 [-0.912795,  1.06424]","1.02874 [0.401401,  2.89865]","0.0149059 [0.00576498,  0.0402015]"
"0.0253266 [-0.443426,  0.493207]","1.02565 [0.641834,  1.63756]","0.0711703 [0.046061,  0.108133]"
"0.0158863 [-0.79987,  0.826572]","1.01601 [0.449387,  2.28547]","0.0354903 [0.0158132,  0.0750348]"
"0.0143456 [-1.79615,  1.74534]","1.01445 [0.165936,  5.72785]","0.104606 [0.0186309,  0.398786]"
"0.0139592 [-1.95004,  1.98712]","1.01406 [0.142269,  7.29449]","0.0647975 [0.00958734,  0.332529]"
"0.013436 [-1.96037,  1.91546]","1.01353 [0.140807,  6.79008]","0.0702463 [0.0104506,  0.337906]"
"0.00892397 [-1.87857,  1.83174]","1.00896 [0.152808,  6.24476]","0.0866398 [0.0142148,  0.372587]"
"0.00771353 [-0.548575,  0.547225]","1.00774 [0.577772,  1.72845]","0.0354587 [0.0206031,  0.0587661]"
"0.00737929 [-0.908038,  0.938552]","1.00741 [0.403315,  2.55628]","0.0193263 [0.00766922,  0.0475674]"
"0.00574851 [-0.601962,  0.571365]","1.00577 [0.547736,  1.77068]","0.0193119 [0.0105853,  0.0321243]"
"0.00406712 [-0.591858,  0.570509]","1.00408 [0.553298,  1.76917]","0.0283079 [0.0159003,  0.0481875]"
"0.00093094 [-2.10645,  2.14724]","1.00093 [0.121669,  8.56122]","0.0412007 [0.00508736,  0.269636]"
"-0.00026534 [-0.444097,  0.395923]","0.999735 [0.641403,  1.48575]","0.0638594 [0.0424679,  0.0903128]"
"-0.00104391 [-1.81816,  1.78377]","0.998957 [0.162324,  5.95227]","0.0859073 [0.0150922,  0.357182]"
"-0.00854612 [-0.687108,  0.599433]","0.99149 [0.503029,  1.82109]","0.0190496 [0.00978467,  0.0334278]"
"-0.00925393 [-0.771803,  0.599433]","0.990789 [0.462179,  1.96735]","0.0800782 [0.0390873,  0.147152]"
"-0.0125196 [-0.591677,  0.515139]","0.987558 [0.553399,  1.67387]","0.0277974 [0.0166924,  0.0433952]"
"-0.0167516 [-0.870734,  0.682982]","0.983388 [0.418644,  1.97977]","0.0123215 [0.00522655,  0.0237899]"
"-0.0185817 [-0.84876,  0.70088]","0.98159 [0.427945,  2.01553]","0.0470903 [0.0209899,  0.0911465]"
"-0.0261239 [-1.11542,  0.938381]","0.974214 [0.327777,  2.55584]","0.0121821 [0.00396203,  0.0317476]"
"-0.0272456 [-0.792212,  0.6079]","0.973122 [0.452842,  1.83657]","0.0621888 [0.0300999,  0.112016]"
"-0.0326011 [-0.949233,  0.748968]","0.967925 [0.387038,  2.11482]","0.0271739 [0.011057,  0.0574704]"
"-0.0337136 [-0.441682,  0.324449]","0.966848 [0.642954,  1.38327]","0.0833247 [0.0580645,  0.113205]"
"-0.0386344 [-0.73179,  0.586403]","0.962102 [0.481047,  1.79751]","0.0139386 [0.00706518,  0.0247422]"
"-0.0417172 [-0.765596,  0.58243]","0.959141 [0.465057,  1.79038]","0.0666638 [0.0332824,  0.118772]"
"-0.0486258 [-0.58198,  0.441671]","0.952537 [0.558791,  1.5553]","0.03359 [0.021034,  0.0506883]"
"-0.0509652 [-0.984946, 0.725645]","0.950312 [0.373459,  2.06606]","0.0486838 [0.0198371,  0.0998158]"
"-0.0533656 [-0.728822,  0.543503]","0.948033 [0.482477,  1.72203]","0.0137551 [0.00689744,  0.0242331]"
"-0.0605589 [-1.41037,  0.750876]","0.941238 [0.244053,  2.11886]","0.0218847 [0.00577219,  0.0491531]"
"-0.0652797 [-0.572882,  0.408167]","0.936805 [0.563898,  1.50406]","0.0368408 [0.0235899,  0.0543154]"
"-0.0704913 [-0.557829,  0.356029]","0.931936 [0.572451,  1.42765]","0.0842547 [0.0540023,  0.122491]"
"-0.0719313 [-0.995698,  0.590766]","0.930595 [0.369466,  1.80537]","0.0596492 [0.0247403,  0.109499]"
"-0.0720397 [-0.921423,  0.554222]","0.930494 [0.397952,  1.74059]","0.0803884 [0.0363712,  0.140545]"
"-0.0728959 [-0.715198,  0.479147]","0.929698 [0.489095,  1.6147]","0.0178351 [0.00950936,  0.0300219]"
"-0.0768359 [-1.35265,  0.797558]","0.926042 [0.258555,  2.22011]","0.0129847 [0.00364696,  0.0311126]"
"-0.0780476 [-0.613863,  0.424992]","0.92492 [0.541256,  1.52958]","0.0364184 [0.0218834,  0.0575159]"
"-0.0805131 [-0.510946,  0.305345]","0.922643 [0.599928,  1.35709]","0.0835422 [0.0569543,  0.115886]"
"-0.0885468 [-0.843186,  0.479618]","0.91526 [0.430337,  1.61546]","0.0826368 [0.0407118,  0.137439]"
"-0.0919938 [-0.651175,  0.367233]","0.912111 [0.521433,  1.44373]","0.058452 [0.0347093,  0.0893854]"
"-0.0933627 [-0.827021,  0.456074]","0.910863 [0.43735,  1.57787]","0.0946507 [0.0477736,  0.154097]"
"-0.0950837 [-0.746842,  0.562409]","0.909297 [0.473861,  1.7549]","0.0128545 [0.00659162,  0.023902]"
"-0.0957206 [-1.11224,  0.557893]","0.908718 [0.328821,  1.74699]","0.0254147 [0.00924604,  0.049206]"
"-0.0998424 [-1.23949,  0.643875]","0.90498 [0.289531,  1.90384]","0.0372885 [0.012491,  0.0766625]"
"-0.100007 [-1.47431,  0.667989]","0.904831 [0.228937,  1.95031]","0.022676 [0.00592254,  0.0487529]"
"-0.104492 [-1.3046,  0.622469]","0.900782 [0.271281,  1.86352]","0.0201458 [0.00621644,  0.0414643]"
"-0.113472 [-1.09647,  0.532952]","0.892729 [0.334048,  1.70396]","0.0311357 [0.0117384,  0.0589101]"
"-0.118201 [-0.746319,  0.433997]","0.888518 [0.474109,  1.54341]","0.0200642 [0.0110126,  0.0333317]"
"-0.141478 [-0.821793,  0.442866]","0.868074 [0.439643,  1.55716]","0.0195953 [0.0101356,  0.0340091]"
"-0.141544 [-1.01878,  0.413964]","0.868017 [0.361037,  1.5128]","0.0706207 [0.0304987,  0.117749]"
"-0.147829 [-1.13197,  0.439101]","0.862578 [0.322398,  1.55131]","0.0413764 [0.0158787,  0.0729937]"
"-0.148439 [-1.19958,  0.457145]","0.862053 [0.301322,  1.57956]","0.0601961 [0.0221755,  0.106802]"
"-0.151493 [-1.45721,  0.586288]","0.859424 [0.232886,  1.7973]","0.012294 [0.00331858,  0.026464]"
"-0.152063 [-0.635896,  0.273565]","0.858934 [0.529461,  1.31464]","0.0601923 [0.0387484,  0.0880121]"
"-0.153488 [-1.39121,  0.488055]","0.857711 [0.248774,  1.62914]","0.0300349 [0.00904471,  0.0568681]"
"-0.155554 [-1.38821,  0.475459]","0.855941 [0.249522,  1.60875]","0.0334907 [0.0101859,  0.0626478]"
"-0.155682 [-1.24373,  0.444365]","0.855832 [0.288308,  1.5595]","0.0299542 [0.0102869,  0.0550271]"
"-0.165871 [-0.746184,  0.343971]","0.847155 [0.474173,  1.41054]","0.0299157 [0.0172702,  0.0481758]"
"-0.168206 [-1.24367,  0.41571]","0.84518 [0.288323,  1.51545]","0.0329926 [0.0115549,  0.059808]"
"-0.174437 [-0.839191,  0.348232]","0.839929 [0.43206,  1.41656]","0.0189095 [0.00989448,  0.0313959]"
"-0.178931 [-1.27582,  0.4074]","0.836164 [0.279203,  1.5029]","0.075814 [0.0273649,  0.130497]"
"-0.18123 [-1.80336,  0.592524]","0.834244 [0.164745,  1.80855]","0.020851 [0.00422703,  0.0459051]"
"-0.184526 [-0.646228,  0.198525]","0.831498 [0.524019,  1.2196]","0.0583825 [0.0384594,  0.0823871]"
"-0.185669 [-0.828717,  0.291317]","0.830548 [0.436609,  1.33819]","0.0233961 [0.0126081,  0.036907]"
"-0.188174 [-0.70661,  0.256675]","0.828471 [0.493314,  1.29263]","0.0426888 [0.0264624,  0.0642932]"
"-0.18913 [-1.52676,  0.494864]","0.827679 [0.217238,  1.64028]","0.0157428 [0.00406375,  0.032278]"
"-0.193642 [-1.53007,  0.454945]","0.823953 [0.216521,  1.57609]","0.0183906 [0.00492863,  0.0362438]"
"-0.196169 [-0.733035,  0.264937]","0.821873 [0.480449,  1.30335]","0.0324283 [0.0196783,  0.0493634]"
"-0.200256 [-1.1568,  0.329833]","0.818521 [0.314492,  1.39074]","0.0713356 [0.0289132,  0.11698]"
"-0.207354 [-0.650364,  0.157719]","0.812732 [0.521856,  1.17084]","0.0741952 [0.0497501,  0.102374]"
"-0.209061 [-0.894175,  0.307347]","0.811346 [0.408945,  1.35981]","0.033708 [0.0173525,  0.0554674]"
"-0.210058 [-0.761238,  0.272474]","0.810537 [0.467088,  1.31321]","0.0286825 [0.0169963,  0.0443994]"
"-0.216186 [-2.01662,  0.577699]","0.805586 [0.133105,  1.78193]","0.0185985 [0.00321233,   0.0419908]"
"-0.222608 [-0.821235,  0.297895]","0.800428 [0.439888,  1.34702]","0.0334936 [0.0189346,  0.0536092]"
"-0.239736 [-0.825462,  0.20248]","0.786836 [0.438033,  1.22444]","0.031006 [0.0178242,  0.0471058]"
"-0.247524 [-0.662735,  0.143851]","0.780732 [0.51544,  1.15471]","0.0550845 [0.0383483,  0.0761658]"
"-0.263551 [-0.945944,  0.286288]","0.768318 [0.388313,  1.33148]","0.0217575 [0.0112193,  0.0366519]"
"-0.270358 [-0.85369,  0.21644]","0.763106 [0.425841,  1.24165]","0.031722 [0.018415,  0.0500828]"
"-0.286037 [-0.70701,  0.0773466]","0.751235 [0.493117,  1.08042]","0.0690907 [0.0476071,  0.09455]"
"-0.293812 [-0.669993,  0.0597367]","0.745417 [0.511712,  1.06156]","0.0685826 [0.0497478,  0.0914573]"
"-0.298008 [-1.08057,  0.254109]","0.742296 [0.339403,  1.28931]","0.0291554 [0.0136543,  0.0495987]"
"-0.3022 [-0.956967,  0.157079]","0.73919 [0.384056,  1.17009]","0.0261239 [0.0141103,  0.0407698]"
"-0.303275 [-0.772047,  0.0963717]","0.738396 [0.462066,  1.10117]","0.052288 [0.0341196,  0.0744398]"
"-0.307841 [-0.969293,  0.320234]","0.735032 [0.379351,  1.37745]","0.0187056 [0.00994744,  0.0333265]"
"-0.345293 [-4.67677,  1.51378]","0.708013 [0.00930906,  4.54385]","0.0136035 [0.00017776,  0.0817971]"
"-0.350415 [-5.17812,  1.74233]","0.704396 [0.00563861,  5.71064]","0.00878095 [7.08e-05,  0.0671622]"
"-0.357497 [-3.64731,  1.08974]","0.699425 [0.0260612,  2.97349]","0.0644247 [0.00250694,  0.227447]"
"-0.357928 [-4.35804,  1.30349]","0.699124 [0.0128035,  3.68214]","0.0247201 [0.00047825,  0.118531]"
"-0.361775 [-0.822179,  0.0618103]","0.696439 [0.439473,  1.06376]","0.0454477 [0.0300786,  0.0649569]"
"-0.364847 [-3.94728,  1.14924]","0.694303 [0.0193071,  3.15579]","0.0336313 [0.0009572,  0.139481]"
"-0.365915 [-4.94886,  1.53439]","0.693561 [0.00709148,  4.63849]","0.00992325 [0.00010323,  0.0653036]"
"-0.370783 [-4.2544,  1.25479]","0.690194 [0.0142016,  3.5071]","0.0273317 [0.00058451,  0.126131]"
"-0.370954 [-4.40926,  1.31277]","0.690076 [0.0121642,  3.71646]","0.0195613 [0.0003419,  0.0983843]"
"-0.372391 [-1.39528,  0.321353]","0.689085 [0.247763,  1.37899]","0.0096931 [0.00353603,  0.0195558]"
"-0.376531 [-3.929,   1.10648]","0.686238 [0.0196633,  3.02369]","0.0486913 [0.00147064,  0.1853]"
"-0.379596 [-4.23588,  1.19219]","0.684138 [0.0144671,  3.29427]","0.0287418 [0.00061221,  0.126004]"
"-0.38022 [-4.03808,  1.11999]","0.683711 [0.0176313,  3.06482]","0.0445741 [0.00119398,  0.173802]"
"-0.386221 [-4.52815,  1.28452]","0.67962 [0.0108007,  3.61292]","0.0267304 [0.00043942,  0.127169]"
"-0.38693 [-4.51649,  1.27016]","0.679139 [0.0109273,  3.56141]","0.0239339 [0.00038298,  0.114787]"
"-0.388734 [-4.3479,  1.18825]","0.677915 [0.0129339,  3.28132]","0.0330733 [0.00065225,  0.14298]"
"-0.403714 [-4.33852,  1.21381]","0.667835 [0.0130558,  3.36628]","0.0347254 [0.00070378,  0.155614]"
"-0.407296 [-4.39659,  1.1895]","0.665447 [0.0123193,  3.28543]","0.0234045 [0.00043136,  0.107752]"
"-0.410004 [-4.2618,  1.08967]","0.663647 [0.0140969,  2.97331]","0.0548498 [0.0012546,  0.206563]"
"-0.413074 [-5.46541,  1.53569]","0.661613 [0.0042306,  4.64454]","0.0167519 [0.00010994,  0.10974]"
"-0.413726 [-5.47797,  1.52824]","0.661182 [0.00417782,  4.61007]","0.00908106 [5.78e-05, 0.0605821]"
"-0.415236 [-1.13036,  0.150812]","0.660185 [0.322917,  1.16278]","0.0260958 [0.0130951,  0.0441549]"
"-0.417647 [-4.17419,  1.06785]","0.658595 [0.0153877,  2.90912]","0.0611597 [0.00150842,  0.223776]"
"-0.421524 [-4.14706,  1.04325]","0.656046 [0.0158108,  2.83842]","0.0700631 [0.00181953,  0.24657]"
"-0.451439 [-4.51096,  1.07113]","0.636711 [0.0109879,  2.91866]","0.0252273 [0.00045303,  0.108034]"
"-0.456133 [-4.56719,  1.07905]","0.633729 [0.0103871,  2.94188]","0.0224833 [0.00037092,  0.0977783]"
"-0.475244 [-4.92218,  1.10852]","0.621734 [0.00728325,  3.02986]","0.0176402 [0.0002054,  0.0811605]"
"-0.481338 [-5.36423,  1.15598]","0.617956 [0.00468108,  3.17715]","0.0258701 [0.0002022,  0.121159]"
"-0.491965 [-6.38887,  1.50594]","0.611424 [0.00168015,  4.50841]","0.014278 [3.99e-05,  0.0991822]"
"-0.493691 [-5.3921,  1.20119]","0.610369 [0.00455242,  3.32408]","0.011751 [8.79e-05,  0.0620623]"
"-0.494818 [-5.39779,  1.2125]","0.609682 [0.0045266,  3.36187]","0.024109 [0.00017925,  0.119548]"
"-0.500952 [-6.12201,  1.38866]","0.605953 [0.00219405,  4.00949]","0.00851143 [3.02e-05,  0.0551672]"
"-0.501113 [-5.67441,  1.30585]","0.605856 [0.00343268,  3.69081]","0.00829023 [4.73e-05,  0.0499285]"
"-0.502485 [-5.18324,  1.1343]","0.605026 [0.00560979,  3.10899]","0.0137525 [0.00012666,  0.0683235]"
"-0.505081 [-5.95059,  1.38408]","0.603457 [0.00260431,  3.99116]","0.00752829 [3.21e-05,  0.0490181]"
"-0.510346 [-1.54492,  0.18347]","0.600288 [0.213329,  1.20138]","0.0151988 [0.00558915,  0.0306328]"
"-0.511362 [-1.38156,  0.257822]","0.599679 [0.251186,  1.29411]","0.00850403 [0.00357047,  0.0179446]"
"-0.511807 [-5.68735,  1.18633]","0.599411 [0.00338855,  3.27504]","0.0251362 [0.00014728,  0.125527]"
"-0.512854 [-1.13237,  0.0227475]","0.598785 [0.322268,  1.02301]","0.031266 [0.0174382,  0.0515951]"
"-0.51421 [-1.4385,  0.159907]","0.597973 [0.237285,  1.1734]","0.00841285 [0.00339286,  0.0162927]"
"-0.515619 [-5.69256,  1.41116]","0.597131 [0.00337094,  4.10072]","0.014032 [8.19e-05,  0.0919432]"
"-0.527185 [-5.69905,  1.23399]","0.590264 [0.00334914,  3.43491]","0.00855721 [4.88e-05,  0.0491332]"
"-0.528274 [-5.82235,  1.27552]","0.589622 [0.00296065,  3.58055]","0.00826613 [4.27e-05,  0.0501648]"
"-0.531143 [-1.12884,  -0.0065122]","0.587933 [0.323408,  0.993509]","0.0247558 [0.0142776,  0.0393353]"
"-0.532611 [-5.72121,  1.30888]","0.58707 [0.00327573,  3.70204]","0.0149436 [8.44e-05,  0.089955]"
"-0.534478 [-5.48355,  1.06599]","0.585975 [0.00415456,  2.90373]","0.0304566 [0.00022134,  0.137667]"
"-0.593529 [-1.47731, 0.0420343]","0.552375 [0.22825,  1.04293]","0.0289418 [0.0121882,  0.0531817]"
"-0.605432 [-1.2423,  -0.0940914]","0.545839 [0.288718,  0.9102]","0.0286138 [0.0157012,  0.0459489]"
"-0.635559 [-1.6654,  0.0248638]","0.529639 [0.189116,  1.02518]","0.0135094 [0.00496356,  0.0256829]"
"-0.648021 [-1.59501,  0.0197096]","0.52308 [0.202906,  1.01991]","0.0123118 [0.00498269,  0.0237634]"
"-0.651315 [-1.35692,  -0.0972284]","0.52136 [0.257452,  0.907349]","0.021881 [0.0112155,  0.036611]"
"-0.698369 [-1.7811,  0.0171672]","0.497396 [0.168453,  1.01732]","0.0208985 [0.00729345,  0.0417286]"
"-0.735281 [-1.42274,  -0.139871]","0.479371 [0.241053,  0.869471]","0.0191353 [0.0100361,  0.0322073]"
"-0.789351 [-1.59924,  -0.16811]","0.45414 [0.20205,  0.845261]","0.0191112 [0.00878487,  0.0345582]"
"-0.801282 [-2.16885,  0.0432693]","0.448753 [0.114309,  1.04422]","0.0106295 [0.00278526,  0.0247497]"
"-1.03651 [-2.14583,  -0.271487]","0.354691 [0.116971, 0.762245]","0.00839173 [0.0028519,  0.0176266]"
"-1.12224 [-2.39163,  -0.167979]","0.325548 [0.0914805,  0.845372]","0.00461838 [0.00136309,  0.0112248] "
"-1.14252 [-2.39894,  -0.314158]","0.319015 [0.0908138,  0.730404]","0.00819431 [0.00238313,  0.01843]"
"-1.25754 [-2.55859,  -0.37328]","0.284352 [0.0774134,  0.688472]","0.00673838 [0.00187158,  0.0162202]"
"-1.48314 [-2.36767,  -0.765117]","0.226924 [0.093699,  0.465279]","0.00966975 [0.00414049,  0.0188627]"
"-1.50871 [-2.32652,  -0.832445]","0.221195 [0.0976348,  0.434984]","0.0118389 [0.00538524,  0.0221042]"
"-1.91996 [-3.45143,  -0.876938]","0.146613 [0.0317002,  0.416055]","0.00380098 [0.00085525,  0.0101943]"
"-2.27473 [-3.99459,  -1.11025]","0.102825 [0.018415,  0.329475]","0.00245692 [0.0004613,  0.007461]"