Gene ID,Niche,Effect Size Posterior Median (95% CI) ,Odds Ratio Posterior Median (95% CI)Ê,Probability Posterior Median (95% CI)Ê
NZ_KP056256.1_146,livestock,"1.09761 [0.504229,Ê 1.6683]","2.99699 [1.65571,Ê 5.30314]","0.0365629 [0.0230418,Ê 0.054624]"
NZ_AP027706.1_49,livestock,"0.717163 [0.303226,Ê 1.12099]","2.04861 [1.35422,Ê 3.06788]","0.068942 [0.0496707,Ê 0.0923661]"
AP027468.1_321,livestock,"0.657125 [0.0100891,Ê 1.26506]","1.92924 [1.01014,Ê 3.54332]","0.0261845 [0.0152206,Ê 0.0415919]"
NZ_MN732922.1_254,livestock,"0.629773 [0.0073214,Ê 1.22236]","1.87718 [1.00735,Ê 3.39518]","0.0268322 [0.0158482,Ê 0.0421748]"
AP026508.1_104,livestock,"0.618035 [0.0686537,Ê 1.14049]","1.85528 [1.07107,Ê 3.12832]","0.0350544 [0.0220889,Ê 0.0522528]"
OV141395.1_159,livestock,"0.574909 [0.202479,Ê 0.936713]","1.77697 [1.22443,Ê 2.55158]","0.0822178 [0.0612746,Ê 0.107389]"
NZ_KP056256.1_146,environmental,"0.464809 [-0.164893,Ê 1.14451]","1.59171 [0.847985,Ê 3.14089]","0.019868 [0.0108545,Ê 0.0351412]"
NZ_CP049291.1_137,wastewater,"0.421126 [0.0461942,Ê 0.801302]","1.52368 [1.04728,Ê 2.22844]","0.117937 [0.0857279,Ê 0.159779]"
NZ_AP027706.1_49,wastewater,"0.405446 [-0.0696489,Ê 0.911606]","1.49997 [0.932721,Ê 2.48832]","0.0515051 [0.0329962,Ê 0.0793892]"
NZ_CP049291.1_137,livestock,"0.357358 [0.0396084,Ê 0.665732]","1.42955 [1.0404,Ê 1.94591]","0.111429 [0.0870594,Ê 0.139893]"
OV141395.1_159,wastewater,"0.350767 [-0.0835098,Ê 0.805569]","1.42016 [0.919882,Ê 2.23797]","0.0668758 [0.0451947,Ê 0.0978839]"
AP026508.1_104,food,"0.327017 [-0.230578,Ê 1.05305]","1.38683 [0.794075,Ê 2.86639]","0.0265588 [0.0149744,Ê 0.0511593]"
NZ_CP142966.1_27,livestock,"0.317553 [-0.24398,Ê 0.849137]","1.37376 [0.783503,Ê 2.33763]","0.0307696 [0.0189454,Ê 0.0470236]"
NC_010870.1_119,wastewater,"0.309953 [-0.0509427,Ê 0.65824]","1.36336 [0.950333,Ê 1.93139]","0.135444 [0.100275,Ê 0.177841]"
AP027468.1_321,wastewater,"0.300281 [-0.35622,Ê 1.03701]","1.35024 [0.700318,Ê 2.82076]","0.0185786 [0.00965485,Ê 0.0356596]"
NZ_CP139811.1_48,environmental,"0.296888 [-0.0872865,Ê 0.686212]","1.34567 [0.916414,Ê 1.98618]","0.0841866 [0.0604671,Ê 0.115325]"
NZ_CP115377.1_59,wildlife,"0.293731 [-0.165408,Ê 0.815063]","1.34142 [0.847548,Ê 2.25932]","0.0518386 [0.0340827,Ê 0.0803009]"
NZ_MZ513634.1_46,wildlife,"0.286711 [-0.151822,Ê 0.784372]","1.33204 [0.859141,Ê 2.19103]","0.0546026 [0.0364599,Ê 0.0831018]"
NZ_CP049291.1_137,wildlife,"0.272353 [-0.0833714,Ê 0.654592]","1.31305 [0.920009,Ê 1.92436]","0.103432 [0.0757754,Ê 0.140732]"
NZ_MZ513634.1_46,domesticatedanimal,"0.271464 [-0.326362,Ê 1.23096]","1.31188 [0.721544,Ê 3.42453]","0.0541973 [0.0295519,Ê 0.125735]"
NZ_CP115377.1_59,environmental,"0.269375 [-0.186255,Ê 0.745955]","1.30915 [0.830062, 2.10845]","0.0505325 [0.0337538,Ê 0.0752226]"
NZ_CP115377.1_59,domesticatedanimal,"0.234836 [-0.385894,Ê 1.17704]","1.2647 [0.679843,Ê 3.24477]","0.0493232 [0.0261162, Ê 0.114504]"
NZ_KP056256.1_146,food,"0.232016 [-0.478276,Ê 0.999872]","1.26114 [0.619851,Ê 2.71793]","0.0158378 [0.00746266,Ê 0.0324816]"
NZ_AP027706.1_49,food,"0.216419 [-0.294009,Ê 0.789341]","1.24162 [0.74527,Ê 2.20194]","0.0432004 [0.0260662,Ê 0.0717989]"
NZ_MZ513634.1_46,environmental,"0.21221 [-0.236843,Ê 0.663641]","1.23641 [0.789115,Ê 1.94185]","0.0508745 [0.033916,Ê 0.0744189]"
AP018569.2_107,domesticatedanimal,"0.211386 [-0.399941,Ê 1.07377]","1.23539 [0.67036,Ê 2.92638]","0.062883 [0.0346627,Ê 0.135602]"
NZ_KP056256.1_146,wildlife,"0.209935 [-0.401757,Ê 0.899658]","1.2336 [0.669143,Ê 2.45876]","0.0154918 [0.00825974,Ê 0.0289743]"
CP057748.1_80,livestock,"0.205077 [-0.116761,Ê 0.517426]","1.22762 [0.889798,Ê 1.6777]","0.103622 [0.0800456,Ê 0.131348]"
NZ_AP027706.1_49,wildlife,"0.19834 [-0.254023,Ê 0.68412]","1.21938 [0.775674,Ê 1.98203]","0.0423011 [0.027432,Ê 0.0648079]"
NC_010870.1_119,livestock,"0.197982 [-0.101729,Ê 0.488554]","1.21894 [0.903275,Ê Ê 1.62996]","0.123034 [0.0972658,Ê 0.152512]"
NZ_CP049291.1_137,environmental,"0.195626 [-0.166365,Ê 0.541603]","1.21607 [0.846737,Ê 1.71876]","0.0964013 [0.0707851,Ê 0.127634]"
NZ_AP027706.1_49,environmental,"0.190587 [-0.288631,Ê 0.642852]","1.20996 [0.749289,Ê 1.9019]","0.0418707 [0.0269129,Ê 0.0616963]"
NZ_MN732922.1_254,food,"0.185958 [-0.444778,Ê 0.90579]","1.20437 [0.640967,Ê 2.47388]","0.0174487 [0.00907478,Ê 0.034231]"
OV141395.1_159,wildlife,"0.182556 [-0.227639,Ê 0.625455]","1.20028 [0.796412,Ê 1.8691]","0.0571461 [0.0390513,Ê 0.0835134]"
AP027468.1_321,wildlife,"0.181668 [-0.409878,Ê 0.845712]","1.19922 [0.663731,Ê 2.32963]","0.0166312 [0.00902899,Ê 0.0299832]"
NZ_CP053772.1_89,domesticatedanimal,"0.18035 [-0.474007,Ê 1.07307]","1.19764 [0.622503,Ê 2.92433]","0.0493931 [0.0257236,Ê 0.110171]"
OV141395.1_159,environmental,"0.172897 [-0.256101,Ê 0.584275]","1.18874 [0.774063,Ê 1.79369]","0.0566313 [0.0382982,Ê 0.0803355]"
NC_010870.1_119,environmental,"0.167767 [-0.159441,Ê 0.489678]","1.18266 [0.852621,Ê 1.63179]","0.119947 [0.09115,Ê 0.154255]"
NC_010870.1_119,wildlife,"0.161113 [-0.177121,Ê 0.506032]","1.17482 [0.837678,Ê 1.6587]","0.119073 [0.0891187,Ê 0.157247]"
NZ_CP049291.1_137,food,"0.157118 [-0.275675,Ê 0.606371]","1.17013 [0.75906,Ê 1.83376]","0.0932865 [0.0624799,Ê 0.136886]"
NZ_MZ513634.1_46,Bacteria,"0.15489 [-0.50162,Ê 1.23536]","1.16753 [0.605549,Ê 3.4396]","0.0484734 [0.0251203,Ê 0.126211]"
NC_010870.1_119,food,"0.152207 [-0.25477,Ê 0.57781]","1.1644 [0.775095,Ê 1.78213]","0.118351 [0.0823711,Ê 0.168101]"
CP057748.1_80,environmental,"0.149929 [-0.205108,Ê 0.494935]","1.16175 [0.81456,Ê 1.64039]","0.0986667 [0.0731206,Ê 0.130635]"
OV141395.1_159,food,"0.14891 [-0.342336,Ê 0.649457]","1.16057 [0.710109,Ê 1.9145]","0.0552986 [0.0347384,Ê 0.0870926]"
NZ_CP142966.1_27,plant,"0.142293 [-1.83114,Ê 2.69796]","1.15291 [0.160231,Ê 14.8494]","0.0260804 [0.00364974,Ê 0.25312]"
CP034325.1_175,food,"0.126937 [-0.359862,Ê 0.695844]","1.13535 [0.697773,Ê 2.0054]","0.0444728 [0.0276314,Ê 0.0745308]"
AP027468.1_321,food,"0.126646 [-0.572588,Ê 0.85849]","1.13501 [0.564064,Ê 2.3596]","0.0157601 [0.00754082,Ê 0.030743]"
NZ_CP142966.1_27,food,"0.117441 [-0.474822,Ê 0.749419]","1.12462 [0.621996,Ê 2.11577]","0.0254161 [0.0140059,Ê 0.0459148]"
NZ_KP056256.1_146,Bacteria,"0.114564 [-0.724597,Ê 1.38099]","1.12138 [0.48452,Ê 3.97883]","0.0141735 [0.00572632,Ê 0.0469064]"
AP027468.1_321,environmental,"0.108133 [-0.566703,Ê 0.742447]","1.1142 [0.567393,Ê 2.10107]","0.0153615 [0.00791349,Ê 0.0270991]"
NZ_CP115377.1_59,Bacteria,"0.100712 [-0.623889,Ê 1.09059]","1.10596 [0.535856,Ê 2.97603]","0.0433265 [0.0209803,Ê 0.10577]"
CP057748.1_80,wastewater,"0.0972847 [-0.313061,Ê 0.471963]","1.10217 [0.731205,Ê 1.60314]","0.0940055 [0.0654958,Ê 0.128583]"
AP027468.1_321,Bacteria,"0.0906563 [-0.761613,Ê 1.25045]","1.09489 [0.466912,Ê 3.49193]","0.0152464 [0.00627607,Ê 0.0450881]"
CP057748.1_80,food,"0.0759647 [-0.364954,Ê 0.50487]","1.07892 [0.694229,Ê 1.65677]","0.092377 [0.0618485,Ê 0.134017]"
AP019386.1_110,domesticatedanimal,"0.0715463 [-0.873206,Ê 1.03885]","1.07417 [0.41761,Ê 2.82597]","0.0152119 [0.00576943,Ê 0.0392894]"
AP027468.1_321,domesticatedanimal,"0.0692773 [-0.782876,Ê 1.13434]","1.07173 [0.45709,Ê 3.10911]","0.0149089 [0.00607392,Ê 0.0414446]"
NC_010870.1_119,Bacteria,"0.0422064 [-0.616468,Ê 0.770363]","1.04311 [0.539848,Ê 2.16055]","0.107289 [0.0582939,Ê 0.198017]"
NZ_CP139811.1_48,wastewater,"0.0387754 [-0.412528,Ê 0.469103]","1.03954 [0.661975,Ê 1.59856]","0.0663688 [0.0438546,Ê 0.0966966]"
NZ_CP049291.1_137,laboratory,"0.033937 [-1.79763,Ê 1.85326]","1.03452 [0.165691,Ê 6.38056]","0.0828969 [0.0142501,Ê 0.360997]"
NZ_MN732922.1_254,wastewater,"0.0323322 [-0.662669,Ê 0.700282]","1.03286 [0.515474,Ê 2.01432]","0.0149169 [0.00752266,Ê 0.0278137]"
AM261282.1_29,environmental,"0.0306812 [-0.49412,Ê 0.549314]","1.03116 [0.610108,Ê 1.73206]","0.0290132 [0.0177224,Ê 0.0460217]"
NZ_MN732922.1_254,Bacteria,"0.0283304 [-0.912795,Ê 1.06424]","1.02874 [0.401401,Ê 2.89865]","0.0149059 [0.00576498,Ê 0.0402015]"
NZ_OP290545.1_1,food,"0.0253266 [-0.443426,Ê 0.493207]","1.02565 [0.641834,Ê 1.63756]","0.0711703 [0.046061,Ê 0.108133]"
NZ_AP027706.1_49,Bacteria,"0.0158863 [-0.79987,Ê 0.826572]","1.01601 [0.449387,Ê 2.28547]","0.0354903 [0.0158132,Ê 0.0750348]"
NC_010870.1_119,laboratory,"0.0143456 [-1.79615,Ê 1.74534]","1.01445 [0.165936,Ê 5.72785]","0.104606 [0.0186309,Ê 0.398786]"
NZ_CP139811.1_48,plant,"0.0139592 [-1.95004,Ê 1.98712]","1.01406 [0.142269,Ê 7.29449]","0.0647975 [0.00958734,Ê 0.332529]"
NZ_OP290545.1_1,plant,"0.013436 [-1.96037,Ê 1.91546]","1.01353 [0.140807,Ê 6.79008]","0.0702463 [0.0104506,Ê 0.337906]"
CP057748.1_80,plant,"0.00892397 [-1.87857,Ê 1.83174]","1.00896 [0.152808,Ê 6.24476]","0.0866398 [0.0142148,Ê 0.372587]"
CP034325.1_174,food,"0.00771353 [-0.548575,Ê 0.547225]","1.00774 [0.577772,Ê 1.72845]","0.0354587 [0.0206031,Ê 0.0587661]"
AP026508.1_104,Bacteria,"0.00737929 [-0.908038,Ê 0.938552]","1.00741 [0.403315,Ê 2.55628]","0.0193263 [0.00766922,Ê 0.0475674]"
AP026508.1_104,environmental,"0.00574851 [-0.601962,Ê 0.571365]","1.00577 [0.547736,Ê 1.77068]","0.0193119 [0.0105853,Ê 0.0321243]"
AM261282.1_29,food,"0.00406712 [-0.591858,Ê 0.570509]","1.00408 [0.553298,Ê 1.76917]","0.0283079 [0.0159003,Ê 0.0481875]"
NZ_CP053772.1_89,laboratory,"0.00093094 [-2.10645,Ê 2.14724]","1.00093 [0.121669,Ê 8.56122]","0.0412007 [0.00508736,Ê 0.269636]"
NZ_CP139811.1_48,wildlife,"-0.00026534 [-0.444097,Ê 0.395923]","0.999735 [0.641403,Ê 1.48575]","0.0638594 [0.0424679,Ê 0.0903128]"
CP057748.1_80,laboratory,"-0.00104391 [-1.81816,Ê 1.78377]","0.998957 [0.162324,Ê 5.95227]","0.0859073 [0.0150922,Ê 0.357182]"
AP026508.1_104,wastewater,"-0.00854612 [-0.687108,Ê 0.599433]","0.99149 [0.503029,Ê 1.82109]","0.0190496 [0.00978467,Ê 0.0334278]"
NZ_CP049291.1_137,Bacteria,"-0.00925393 [-0.771803,Ê 0.599433]","0.990789 [0.462179,Ê 1.96735]","0.0800782 [0.0390873,Ê 0.147152]"
AM261282.1_29,livestock,"-0.0125196 [-0.591677,Ê 0.515139]","0.987558 [0.553399,Ê 1.67387]","0.0277974 [0.0166924,Ê 0.0433952]"
NZ_KP056256.1_146,wastewater,"-0.0167516 [-0.870734,Ê 0.682982]","0.983388 [0.418644,Ê 1.97977]","0.0123215 [0.00522655,Ê 0.0237899]"
OV141395.1_159,Bacteria,"-0.0185817 [-0.84876,Ê 0.70088]","0.98159 [0.427945,Ê 2.01553]","0.0470903 [0.0209899,Ê 0.0911465]"
NZ_KP056256.1_146,domesticatedanimal,"-0.0261239 [-1.11542,Ê 0.938381]","0.974214 [0.327777,Ê 2.55584]","0.0121821 [0.00396203,Ê 0.0317476]"
NZ_CP139811.1_48,domesticatedanimal,"-0.0272456 [-0.792212,Ê 0.6079]","0.973122 [0.452842,Ê 1.83657]","0.0621888 [0.0300999,Ê 0.112016]"
AM261282.1_29,Bacteria,"-0.0326011 [-0.949233,Ê 0.748968]","0.967925 [0.387038,Ê 2.11482]","0.0271739 [0.011057,Ê 0.0574704]"
CP057748.1_80,wildlife,"-0.0337136 [-0.441682,Ê 0.324449]","0.966848 [0.642954,Ê 1.38327]","0.0833247 [0.0580645,Ê 0.113205]"
NZ_MN732922.1_254,environmental,"-0.0386344 [-0.73179,Ê 0.586403]","0.962102 [0.481047,Ê 1.79751]","0.0139386 [0.00706518,Ê 0.0247422]"
NZ_OP290545.1_1,domesticatedanimal,"-0.0417172 [-0.765596,Ê 0.58243]","0.959141 [0.465057,Ê 1.79038]","0.0666638 [0.0332824,Ê 0.118772]"
CP034325.1_174,livestock,"-0.0486258 [-0.58198,Ê 0.441671]","0.952537 [0.558791,Ê 1.5553]","0.03359 [0.021034,Ê 0.0506883]"
AP018569.2_107,Bacteria,"-0.0509652 [-0.984946, 0.725645]","0.950312 [0.373459,Ê 2.06606]","0.0486838 [0.0198371,Ê 0.0998158]"
NZ_MN732922.1_254,wildlife,"-0.0533656 [-0.728822,Ê 0.543503]","0.948033 [0.482477,Ê 1.72203]","0.0137551 [0.00689744,Ê 0.0242331]"
AP019386.1_109,domesticatedanimal,"-0.0605589 [-1.41037,Ê 0.750876]","0.941238 [0.244053,Ê 2.11886]","0.0218847 [0.00577219,Ê 0.0491531]"
CP034325.1_175,livestock,"-0.0652797 [-0.572882,Ê 0.408167]","0.936805 [0.563898,Ê 1.50406]","0.0368408 [0.0235899,Ê 0.0543154]"
NZ_CP019353.1_215,food,"-0.0704913 [-0.557829,Ê 0.356029]","0.931936 [0.572451,Ê 1.42765]","0.0842547 [0.0540023,Ê 0.122491]"
NZ_CP139811.1_48,Bacteria,"-0.0719313 [-0.995698,Ê 0.590766]","0.930595 [0.369466,Ê 1.80537]","0.0596492 [0.0247403,Ê 0.109499]"
CP057748.1_80,Bacteria,"-0.0720397 [-0.921423,Ê 0.554222]","0.930494 [0.397952,Ê 1.74059]","0.0803884 [0.0363712,Ê 0.140545]"
AP026508.1_104,wildlife,"-0.0728959 [-0.715198,Ê 0.479147]","0.929698 [0.489095,Ê 1.6147]","0.0178351 [0.00950936,Ê 0.0300219]"
AP019386.1_110,Bacteria,"-0.0768359 [-1.35265,Ê 0.797558]","0.926042 [0.258555,Ê 2.22011]","0.0129847 [0.00364696,Ê 0.0311126]"
CP034325.1_175,wastewater,"-0.0780476 [-0.613863,Ê 0.424992]","0.92492 [0.541256,Ê 1.52958]","0.0364184 [0.0218834,Ê 0.0575159]"
NZ_CP019353.1_215,wastewater,"-0.0805131 [-0.510946,Ê 0.305345]","0.922643 [0.599928,Ê 1.35709]","0.0835422 [0.0569543,Ê 0.115886]"
NZ_CP019353.1_215,domesticatedanimal,"-0.0885468 [-0.843186,Ê 0.479618]","0.91526 [0.430337,Ê 1.61546]","0.0826368 [0.0407118,Ê 0.137439]"
NZ_CP139811.1_48,food,"-0.0919938 [-0.651175,Ê 0.367233]","0.912111 [0.521433,Ê 1.44373]","0.058452 [0.0347093,Ê 0.0893854]"
NC_010870.1_119,domesticatedanimal,"-0.0933627 [-0.827021,Ê 0.456074]","0.910863 [0.43735,Ê 1.57787]","0.0946507 [0.0477736,Ê 0.154097]"
AP019386.1_110,wildlife,"-0.0950837 [-0.746842,Ê 0.562409]","0.909297 [0.473861,Ê 1.7549]","0.0128545 [0.00659162,Ê 0.023902]"
AM261282.1_29,domesticatedanimal,"-0.0957206 [-1.11224,Ê 0.557893]","0.908718 [0.328821,Ê 1.74699]","0.0254147 [0.00924604,Ê 0.049206]"
NZ_CP053772.1_89,Bacteria,"-0.0998424 [-1.23949,Ê 0.643875]","0.90498 [0.289531,Ê 1.90384]","0.0372885 [0.012491,Ê 0.0766625]"
NZ_CP146544.1_32,domesticatedanimal,"-0.100007 [-1.47431,Ê 0.667989]","0.904831 [0.228937,Ê 1.95031]","0.022676 [0.00592254,Ê 0.0487529]"
NZ_CP142966.1_27,Bacteria,"-0.104492 [-1.3046,Ê 0.622469]","0.900782 [0.271281,Ê 1.86352]","0.0201458 [0.00621644,Ê 0.0414643]"
NZ_AP027706.1_49,domesticatedanimal,"-0.113472 [-1.09647,Ê 0.532952]","0.892729 [0.334048,Ê 1.70396]","0.0311357 [0.0117384,Ê 0.0589101]"
NZ_CP142966.1_27,environmental,"-0.118201 [-0.746319,Ê 0.433997]","0.888518 [0.474109,Ê 1.54341]","0.0200642 [0.0110126,Ê 0.0333317]"
NZ_CP142966.1_27,wastewater,"-0.141478 [-0.821793,Ê 0.442866]","0.868074 [0.439643,Ê 1.55716]","0.0195953 [0.0101356,Ê 0.0340091]"
NZ_CP049291.1_137,domesticatedanimal,"-0.141544 [-1.01878,Ê 0.413964]","0.868017 [0.361037,Ê 1.5128]","0.0706207 [0.0304987,Ê 0.117749]"
OV141395.1_159,domesticatedanimal,"-0.147829 [-1.13197,Ê 0.439101]","0.862578 [0.322398,Ê 1.55131]","0.0413764 [0.0158787,Ê 0.0729937]"
NZ_OP290545.1_1,Bacteria,"-0.148439 [-1.19958,Ê 0.457145]","0.862053 [0.301322,Ê 1.57956]","0.0601961 [0.0221755,Ê 0.106802]"
NZ_MN732922.1_254,domesticatedanimal,"-0.151493 [-1.45721,Ê 0.586288]","0.859424 [0.232886,Ê 1.7973]","0.012294 [0.00331858,Ê 0.026464]"
NZ_OP290545.1_1,wastewater,"-0.152063 [-0.635896,Ê 0.273565]","0.858934 [0.529461,Ê 1.31464]","0.0601923 [0.0387484,Ê 0.0880121]"
CP034325.1_174,Bacteria,"-0.153488 [-1.39121,Ê 0.488055]","0.857711 [0.248774,Ê 1.62914]","0.0300349 [0.00904471,Ê 0.0568681]"
CP034325.1_175,Bacteria,"-0.155554 [-1.38821,Ê 0.475459]","0.855941 [0.249522,Ê 1.60875]","0.0334907 [0.0101859,Ê 0.0626478]"
CP034325.1_174,domesticatedanimal,"-0.155682 [-1.24373,Ê 0.444365]","0.855832 [0.288308,Ê 1.5595]","0.0299542 [0.0102869,Ê 0.0550271]"
CP034325.1_174,wastewater,"-0.165871 [-0.746184,Ê 0.343971]","0.847155 [0.474173,Ê 1.41054]","0.0299157 [0.0172702,Ê 0.0481758]"
CP034325.1_175,domesticatedanimal,"-0.168206 [-1.24367,Ê 0.41571]","0.84518 [0.288323,Ê 1.51545]","0.0329926 [0.0115549,Ê 0.059808]"
NZ_CP142966.1_27,wildlife,"-0.174437 [-0.839191,Ê 0.348232]","0.839929 [0.43206,Ê 1.41656]","0.0189095 [0.00989448,Ê 0.0313959]"
NZ_CP019353.1_215,Bacteria,"-0.178931 [-1.27582,Ê 0.4074]","0.836164 [0.279203,Ê 1.5029]","0.075814 [0.0273649,Ê 0.130497]"
NZ_CP146544.1_32,Bacteria,"-0.18123 [-1.80336,Ê 0.592524]","0.834244 [0.164745,Ê 1.80855]","0.020851 [0.00422703,Ê 0.0459051]"
NZ_OP290545.1_1,wildlife,"-0.184526 [-0.646228,Ê 0.198525]","0.831498 [0.524019,Ê 1.2196]","0.0583825 [0.0384594,Ê 0.0823871]"
AM261282.1_29,wildlife,"-0.185669 [-0.828717,Ê 0.291317]","0.830548 [0.436609,Ê 1.33819]","0.0233961 [0.0126081,Ê 0.036907]"
AP018569.2_107,wildlife,"-0.188174 [-0.70661,Ê 0.256675]","0.828471 [0.493314,Ê 1.29263]","0.0426888 [0.0264624,Ê 0.0642932]"
AP026508.1_104,domesticatedanimal,"-0.18913 [-1.52676,Ê 0.494864]","0.827679 [0.217238,Ê 1.64028]","0.0157428 [0.00406375,Ê 0.032278]"
NZ_CP142966.1_27,domesticatedanimal,"-0.193642 [-1.53007,Ê 0.454945]","0.823953 [0.216521,Ê 1.57609]","0.0183906 [0.00492863,Ê 0.0362438]"
CP034325.1_175,environmental,"-0.196169 [-0.733035,Ê 0.264937]","0.821873 [0.480449,Ê 1.30335]","0.0324283 [0.0196783,Ê 0.0493634]"
CP057748.1_80,domesticatedanimal,"-0.200256 [-1.1568,Ê 0.329833]","0.818521 [0.314492,Ê 1.39074]","0.0713356 [0.0289132,Ê 0.11698]"
NZ_CP019353.1_215,wildlife,"-0.207354 [-0.650364,Ê 0.157719]","0.812732 [0.521856,Ê 1.17084]","0.0741952 [0.0497501,Ê 0.102374]"
NZ_MZ513634.1_46,food,"-0.209061 [-0.894175,Ê 0.307347]","0.811346 [0.408945,Ê 1.35981]","0.033708 [0.0173525,Ê 0.0554674]"
CP034325.1_174,environmental,"-0.210058 [-0.761238,Ê 0.272474]","0.810537 [0.467088,Ê 1.31321]","0.0286825 [0.0169963,Ê 0.0443994]"
AP019386.1_109,Bacteria,"-0.216186 [-2.01662,Ê 0.577699]","0.805586 [0.133105,Ê 1.78193]","0.0185985 [0.00321233, Ê 0.0419908]"
NZ_MZ513634.1_46,wastewater,"-0.222608 [-0.821235,Ê 0.297895]","0.800428 [0.439888,Ê 1.34702]","0.0334936 [0.0189346,Ê 0.0536092]"
CP034325.1_175,wildlife,"-0.239736 [-0.825462,Ê 0.20248]","0.786836 [0.438033,Ê 1.22444]","0.031006 [0.0178242,Ê 0.0471058]"
NZ_OP290545.1_1,livestock,"-0.247524 [-0.662735,Ê 0.143851]","0.780732 [0.51544,Ê 1.15471]","0.0550845 [0.0383483,Ê 0.0761658]"
AM261282.1_29,wastewater,"-0.263551 [-0.945944,Ê 0.286288]","0.768318 [0.388313,Ê 1.33148]","0.0217575 [0.0112193,Ê 0.0366519]"
NZ_CP053772.1_89,wildlife,"-0.270358 [-0.85369,Ê 0.21644]","0.763106 [0.425841,Ê 1.24165]","0.031722 [0.018415,Ê 0.0500828]"
NZ_CP019353.1_215,environmental,"-0.286037 [-0.70701,Ê 0.0773466]","0.751235 [0.493117,Ê 1.08042]","0.0690907 [0.0476071,Ê 0.09455]"
NZ_CP019353.1_215,livestock,"-0.293812 [-0.669993,Ê 0.0597367]","0.745417 [0.511712,Ê 1.06156]","0.0685826 [0.0497478,Ê 0.0914573]"
NZ_CP115377.1_59,food,"-0.298008 [-1.08057,Ê 0.254109]","0.742296 [0.339403,Ê 1.28931]","0.0291554 [0.0136543,Ê 0.0495987]"
CP034325.1_174,wildlife,"-0.3022 [-0.956967,Ê 0.157079]","0.73919 [0.384056,Ê 1.17009]","0.0261239 [0.0141103,Ê 0.0407698]"
NZ_OP290545.1_1,environmental,"-0.303275 [-0.772047,Ê 0.0963717]","0.738396 [0.462066,Ê 1.10117]","0.052288 [0.0341196,Ê 0.0744398]"
NZ_CP146544.1_32,environmental,"-0.307841 [-0.969293,Ê 0.320234]","0.735032 [0.379351,Ê 1.37745]","0.0187056 [0.00994744,Ê 0.0333265]"
AP026508.1_104,plant,"-0.345293 [-4.67677,Ê 1.51378]","0.708013 [0.00930906,Ê 4.54385]","0.0136035 [0.00017776,Ê 0.0817971]"
NZ_KP056256.1_146,plant,"-0.350415 [-5.17812,Ê 1.74233]","0.704396 [0.00563861,Ê 5.71064]","0.00878095 [7.08e-05,Ê 0.0671622]"
NZ_CP019353.1_215,laboratory,"-0.357497 [-3.64731,Ê 1.08974]","0.699425 [0.0260612,Ê 2.97349]","0.0644247 [0.00250694,Ê 0.227447]"
CP034325.1_174,plant,"-0.357928 [-4.35804,Ê 1.30349]","0.699124 [0.0128035,Ê 3.68214]","0.0247201 [0.00047825,Ê 0.118531]"
NZ_CP139811.1_48,livestock,"-0.361775 [-0.822179,Ê 0.0618103]","0.696439 [0.439473,Ê 1.06376]","0.0454477 [0.0300786,Ê 0.0649569]"
OV141395.1_159,laboratory,"-0.364847 [-3.94728,Ê 1.14924]","0.694303 [0.0193071,Ê 3.15579]","0.0336313 [0.0009572,Ê 0.139481]"
NZ_MN732922.1_254,plant,"-0.365915 [-4.94886,Ê 1.53439]","0.693561 [0.00709148,Ê 4.63849]","0.00992325 [0.00010323,Ê 0.0653036]"
CP034325.1_175,plant,"-0.370783 [-4.2544,Ê 1.25479]","0.690194 [0.0142016,Ê 3.5071]","0.0273317 [0.00058451,Ê 0.126131]"
AM261282.1_29,plant,"-0.370954 [-4.40926,Ê 1.31277]","0.690076 [0.0121642,Ê 3.71646]","0.0195613 [0.0003419,Ê 0.0983843]"
AP019386.1_110,food,"-0.372391 [-1.39528,Ê 0.321353]","0.689085 [0.247763,Ê 1.37899]","0.0096931 [0.00353603,Ê 0.0195558]"
NZ_OP290545.1_1,laboratory,"-0.376531 [-3.929, Ê 1.10648]","0.686238 [0.0196633,Ê 3.02369]","0.0486913 [0.00147064,Ê 0.1853]"
NZ_MZ513634.1_46,laboratory,"-0.379596 [-4.23588,Ê 1.19219]","0.684138 [0.0144671,Ê 3.29427]","0.0287418 [0.00061221,Ê 0.126004]"
NZ_CP139811.1_48,laboratory,"-0.38022 [-4.03808,Ê 1.11999]","0.683711 [0.0176313,Ê 3.06482]","0.0445741 [0.00119398,Ê 0.173802]"
NZ_CP115377.1_59,laboratory,"-0.386221 [-4.52815,Ê 1.28452]","0.67962 [0.0108007,Ê 3.61292]","0.0267304 [0.00043942,Ê 0.127169]"
NZ_AP027706.1_49,plant,"-0.38693 [-4.51649,Ê 1.27016]","0.679139 [0.0109273,Ê 3.56141]","0.0239339 [0.00038298,Ê 0.114787]"
OV141395.1_159,plant,"-0.388734 [-4.3479,Ê 1.18825]","0.677915 [0.0129339,Ê 3.28132]","0.0330733 [0.00065225,Ê 0.14298]"
AP018569.2_107,laboratory,"-0.403714 [-4.33852,Ê 1.21381]","0.667835 [0.0130558,Ê 3.36628]","0.0347254 [0.00070378,Ê 0.155614]"
NZ_AP027706.1_49,laboratory,"-0.407296 [-4.39659,Ê 1.1895]","0.665447 [0.0123193,Ê 3.28543]","0.0234045 [0.00043136,Ê 0.107752]"
NZ_CP049291.1_137,plant,"-0.410004 [-4.2618,Ê 1.08967]","0.663647 [0.0140969,Ê 2.97331]","0.0548498 [0.0012546,Ê 0.206563]"
NZ_CP146544.1_32,plant,"-0.413074 [-5.46541,Ê 1.53569]","0.661613 [0.0042306,Ê 4.64454]","0.0167519 [0.00010994,Ê 0.10974]"
AP027468.1_321,plant,"-0.413726 [-5.47797,Ê 1.52824]","0.661182 [0.00417782,Ê 4.61007]","0.00908106 [5.78e-05, 0.0605821]"
NZ_CP115377.1_59,wastewater,"-0.415236 [-1.13036,Ê 0.150812]","0.660185 [0.322917,Ê 1.16278]","0.0260958 [0.0130951,Ê 0.0441549]"
NZ_CP019353.1_215,plant,"-0.417647 [-4.17419,Ê 1.06785]","0.658595 [0.0153877,Ê 2.90912]","0.0611597 [0.00150842,Ê 0.223776]"
NC_010870.1_119,plant,"-0.421524 [-4.14706,Ê 1.04325]","0.656046 [0.0158108,Ê 2.83842]","0.0700631 [0.00181953,Ê 0.24657]"
CP034325.1_175,laboratory,"-0.451439 [-4.51096,Ê 1.07113]","0.636711 [0.0109879,Ê 2.91866]","0.0252273 [0.00045303,Ê 0.108034]"
CP034325.1_174,laboratory,"-0.456133 [-4.56719,Ê 1.07905]","0.633729 [0.0103871,Ê 2.94188]","0.0224833 [0.00037092,Ê 0.0977783]"
AM261282.1_29,laboratory,"-0.475244 [-4.92218,Ê 1.10852]","0.621734 [0.00728325,Ê 3.02986]","0.0176402 [0.0002054,Ê 0.0811605]"
NZ_MZ513634.1_46,plant,"-0.481338 [-5.36423,Ê 1.15598]","0.617956 [0.00468108,Ê 3.17715]","0.0258701 [0.0002022,Ê 0.121159]"
AP019386.1_109,plant,"-0.491965 [-6.38887,Ê 1.50594]","0.611424 [0.00168015,Ê 4.50841]","0.014278 [3.99e-05,Ê 0.0991822]"
AP026508.1_104,laboratory,"-0.493691 [-5.3921,Ê 1.20119]","0.610369 [0.00455242,Ê 3.32408]","0.011751 [8.79e-05,Ê 0.0620623]"
NZ_CP115377.1_59,plant,"-0.494818 [-5.39779,Ê 1.2125]","0.609682 [0.0045266,Ê 3.36187]","0.024109 [0.00017925,Ê 0.119548]"
AP019386.1_110,plant,"-0.500952 [-6.12201,Ê 1.38866]","0.605953 [0.00219405,Ê 4.00949]","0.00851143 [3.02e-05,Ê 0.0551672]"
AP027468.1_321,laboratory,"-0.501113 [-5.67441,Ê 1.30585]","0.605856 [0.00343268,Ê 3.69081]","0.00829023 [4.73e-05,Ê 0.0499285]"
NZ_CP142966.1_27,laboratory,"-0.502485 [-5.18324,Ê 1.1343]","0.605026 [0.00560979,Ê 3.10899]","0.0137525 [0.00012666,Ê 0.0683235]"
NZ_KP056256.1_146,laboratory,"-0.505081 [-5.95059,Ê 1.38408]","0.603457 [0.00260431,Ê 3.99116]","0.00752829 [3.21e-05,Ê 0.0490181]"
NZ_CP146544.1_32,food,"-0.510346 [-1.54492,Ê 0.18347]","0.600288 [0.213329,Ê 1.20138]","0.0151988 [0.00558915,Ê 0.0306328]"
AP019386.1_110,wastewater,"-0.511362 [-1.38156,Ê 0.257822]","0.599679 [0.251186,Ê 1.29411]","0.00850403 [0.00357047,Ê 0.0179446]"
NZ_CP053772.1_89,plant,"-0.511807 [-5.68735,Ê 1.18633]","0.599411 [0.00338855,Ê 3.27504]","0.0251362 [0.00014728,Ê 0.125527]"
AP018569.2_107,wastewater,"-0.512854 [-1.13237,Ê 0.0227475]","0.598785 [0.322268,Ê 1.02301]","0.031266 [0.0174382,Ê 0.0515951]"
AP019386.1_110,environmental,"-0.51421 [-1.4385,Ê 0.159907]","0.597973 [0.237285,Ê 1.1734]","0.00841285 [0.00339286,Ê 0.0162927]"
AP019386.1_109,laboratory,"-0.515619 [-5.69256,Ê 1.41116]","0.597131 [0.00337094,Ê 4.10072]","0.014032 [8.19e-05,Ê 0.0919432]"
NZ_MN732922.1_254,laboratory,"-0.527185 [-5.69905,Ê 1.23399]","0.590264 [0.00334914,Ê 3.43491]","0.00855721 [4.88e-05,Ê 0.0491332]"
AP019386.1_110,laboratory,"-0.528274 [-5.82235,Ê 1.27552]","0.589622 [0.00296065,Ê 3.58055]","0.00826613 [4.27e-05,Ê 0.0501648]"
NZ_MZ513634.1_46,livestock,"-0.531143 [-1.12884,Ê -0.0065122]","0.587933 [0.323408,Ê 0.993509]","0.0247558 [0.0142776,Ê 0.0393353]"
NZ_CP146544.1_32,laboratory,"-0.532611 [-5.72121,Ê 1.30888]","0.58707 [0.00327573,Ê 3.70204]","0.0149436 [8.44e-05,Ê 0.089955]"
AP018569.2_107,plant,"-0.534478 [-5.48355,Ê 1.06599]","0.585975 [0.00415456,Ê 2.90373]","0.0304566 [0.00022134,Ê 0.137667]"
AP018569.2_107,food,"-0.593529 [-1.47731, 0.0420343]","0.552375 [0.22825,Ê 1.04293]","0.0289418 [0.0121882,Ê 0.0531817]"
AP018569.2_107,environmental,"-0.605432 [-1.2423,Ê -0.0940914]","0.545839 [0.288718,Ê 0.9102]","0.0286138 [0.0157012,Ê 0.0459489]"
NZ_CP146544.1_32,wildlife,"-0.635559 [-1.6654,Ê 0.0248638]","0.529639 [0.189116,Ê 1.02518]","0.0135094 [0.00496356,Ê 0.0256829]"
AP019386.1_109,wildlife,"-0.648021 [-1.59501,Ê 0.0197096]","0.52308 [0.202906,Ê 1.01991]","0.0123118 [0.00498269,Ê 0.0237634]"
NZ_CP053772.1_89,environmental,"-0.651315 [-1.35692,Ê -0.0972284]","0.52136 [0.257452,Ê 0.907349]","0.021881 [0.0112155,Ê 0.036611]"
NZ_CP053772.1_89,food,"-0.698369 [-1.7811,Ê 0.0171672]","0.497396 [0.168453,Ê 1.01732]","0.0208985 [0.00729345,Ê 0.0417286]"
NZ_CP115377.1_59,livestock,"-0.735281 [-1.42274,Ê -0.139871]","0.479371 [0.241053,Ê 0.869471]","0.0191353 [0.0100361,Ê 0.0322073]"
NZ_CP053772.1_89,wastewater,"-0.789351 [-1.59924,Ê -0.16811]","0.45414 [0.20205,Ê 0.845261]","0.0191112 [0.00878487,Ê 0.0345582]"
AP019386.1_109,food,"-0.801282 [-2.16885,Ê 0.0432693]","0.448753 [0.114309,Ê 1.04422]","0.0106295 [0.00278526,Ê 0.0247497]"
AP019386.1_109,environmental,"-1.03651 [-2.14583,Ê -0.271487]","0.354691 [0.116971, 0.762245]","0.00839173 [0.0028519,Ê 0.0176266]"
AP019386.1_110,livestock,"-1.12224 [-2.39163,Ê -0.167979]","0.325548 [0.0914805,Ê 0.845372]","0.00461838 [0.00136309,Ê 0.0112248]Ê"
NZ_CP146544.1_32,wastewater,"-1.14252 [-2.39894,Ê -0.314158]","0.319015 [0.0908138,Ê 0.730404]","0.00819431 [0.00238313,Ê 0.01843]"
AP019386.1_109,wastewater,"-1.25754 [-2.55859,Ê -0.37328]","0.284352 [0.0774134,Ê 0.688472]","0.00673838 [0.00187158,Ê 0.0162202]"
NZ_CP053772.1_89,livestock,"-1.48314 [-2.36767,Ê -0.765117]","0.226924 [0.093699,Ê 0.465279]","0.00966975 [0.00414049,Ê 0.0188627]"
AP018569.2_107,livestock,"-1.50871 [-2.32652,Ê -0.832445]","0.221195 [0.0976348,Ê 0.434984]","0.0118389 [0.00538524,Ê 0.0221042]"
NZ_CP146544.1_32,livestock,"-1.91996 [-3.45143,Ê -0.876938]","0.146613 [0.0317002,Ê 0.416055]","0.00380098 [0.00085525,Ê 0.0101943]"
AP019386.1_109,livestock,"-2.27473 [-3.99459,Ê -1.11025]","0.102825 [0.018415,Ê 0.329475]","0.00245692 [0.0004613,Ê 0.007461]"